TransactionID,Product
1,Cooking Oil
1,Eggs
1,Milk
1,Rice
1,Sugar
1,Tea
1,Vegetables
2,Bread
2,Eggs
2,Floor Cleaner
2,Fruits
2,Toilet Cleaner
2,Toothpaste
2,Vegetables
3,Biscuits
3,Fruits
3,Shampoo
3,Sugar
3,Tea
3,Toothpaste
3,Vegetables
4,Coffee
4,Cooking Oil
4,Rice
4,Wheat
5,Biscuits
5,Cooking Oil
5,Rice
5,Snacks
5,Sugar
5,Tea
6,Bread
6,Floor Cleaner
6,Fruits
6,Milk
6,Snacks
6,Toilet Cleaner
6,Vegetables
7,Bread
7,Coffee
7,Eggs
7,Sugar
8,Cooking Oil
8,Fruits
8,Rice
8,Sugar
8,Tea
8,Vegetables
9,Bread
9,Eggs
9,Fruits
9,Sugar
9,Tea
9,Vegetables
10,Eggs
10,Milk
10,Sugar
10,Tea
11,Coffee
11,Cooking Oil
11,Rice
11,Sugar
11,Tea
12,Biscuits
12,Bread
12,Cooking Oil
12,Milk
12,Rice
12,Snacks
12,Spices
13,Bread
13,Cooking Oil
13,Fruits
13,Milk
13,Rice
13,Toothpaste
13,Vegetables
14,Bread
14,Detergent
14,Dish Soap
14,Eggs
14,Shampoo
14,Toothpaste
15,Bread
15,Detergent
15,Dish Soap
15,Eggs
15,Milk
16,Coffee
16,Cooking Oil
16,Floor Cleaner
16,Rice
16,Spices
16,Sugar
16,Toilet Cleaner
17,Bread
17,Milk
17,Shampoo
17,Sugar
17,Tea
17,Toothpaste
18,Bread
18,Cooking Oil
18,Floor Cleaner
18,Rice
18,Shampoo
18,Toilet Cleaner
18,Toothpaste
19,Fruits
19,Vegetables
20,Cooking Oil
20,Eggs
20,Floor Cleaner
20,Milk
20,Rice
20,Toilet Cleaner
21,Biscuits
21,Bread
21,Coffee
21,Cooking Oil
21,Rice
21,Spices
21,Sugar
22,Detergent
22,Dish Soap
22,Shampoo
22,Toothpaste
23,Cooking Oil
23,Rice
23,Spices
24,Bread
24,Cooking Oil
24,Detergent
24,Dish Soap
24,Eggs
24,Milk
24,Rice
25,Fruits
25,Sugar
25,Tea
25,Vegetables
26,Coffee
26,Detergent
26,Dish Soap
26,Sugar
26,Tea
27,Bread
27,Cooking Oil
27,Eggs
27,Milk
27,Rice
28,Bread
28,Cooking Oil
28,Fruits
28,Milk
28,Rice
28,Spices
28,Vegetables
29,Shampoo
29,Sugar
29,Tea
29,Toothpaste
30,Cooking Oil
30,Detergent
30,Rice
30,Sugar
30,Tea
31,Detergent
31,Dish Soap
31,Eggs
31,Floor Cleaner
31,Sugar
31,Tea
31,Toilet Cleaner
32,Biscuits
32,Coffee
32,Fruits
32,Shampoo
32,Toothpaste
32,Vegetables
33,Bread
33,Cooking Oil
33,Detergent
33,Dish Soap
33,Milk
33,Rice
33,Vegetables
34,Detergent
34,Rice
34,Salt
34,Snacks
34,Sugar
35,Salt
35,Shampoo
35,Sugar
35,Tea
36,Biscuits
36,Bread
36,Coffee
36,Milk
36,Snacks
36,Sugar
37,Bread
37,Cooking Oil
37,Detergent
37,Dish Soap
37,Rice
37,Spices
38,Eggs
38,Fruits
38,Milk
38,Vegetables
39,Bread
39,Cooking Oil
39,Milk
39,Rice
39,Spices
40,Eggs
40,Fruits
40,Milk
40,Shampoo
40,Vegetables
41,Biscuits
41,Detergent
41,Dish Soap
41,Snacks
41,Sugar
41,Tea
42,Bread
42,Fruits
42,Milk
42,Rice
42,Sugar
42,Tea
42,Vegetables
43,Bread
43,Milk
43,Tea
44,Bread
44,Coffee
44,Milk
44,Spices
45,Bread
45,Cooking Oil
45,Eggs
45,Milk
45,Rice
45,Sugar
45,Tea
46,Cooking Oil
46,Detergent
46,Dish Soap
46,Rice
46,Shampoo
46,Toothpaste
47,Bread
47,Fruits
47,Milk
47,Tea
47,Vegetables
47,Wheat
48,Bread
48,Cooking Oil
48,Detergent
48,Dish Soap
48,Fruits
48,Rice
48,Vegetables
49,Cooking Oil
49,Detergent
49,Floor Cleaner
49,Fruits
49,Rice
49,Toilet Cleaner
49,Vegetables
50,Bread
50,Cooking Oil
50,Eggs
50,Rice
50,Sugar
50,Tea
51,Cooking Oil
51,Rice
51,Sugar
51,Tea
52,Bread
52,Coffee
52,Detergent
52,Dish Soap
52,Sugar
52,Tea
52,Toothpaste
53,Coffee
53,Cooking Oil
53,Rice
53,Sugar
54,Coffee
54,Detergent
54,Dish Soap
54,Eggs
54,Milk
54,Rice
54,Sugar
55,Cooking Oil
55,Floor Cleaner
55,Fruits
55,Milk
55,Spices
55,Toilet Cleaner
55,Vegetables
56,Cooking Oil
56,Fruits
56,Rice
56,Sugar
56,Tea
56,Vegetables
57,Bread
57,Detergent
57,Dish Soap
57,Milk
57,Rice
58,Cooking Oil
58,Fruits
58,Rice
58,Salt
58,Toothpaste
59,Bread
59,Coffee
59,Eggs
59,Milk
59,Sugar
60,Detergent
60,Dish Soap
60,Eggs
60,Fruits
60,Rice
60,Toilet Cleaner
60,Vegetables
61,Bread
61,Detergent
61,Dish Soap
61,Eggs
61,Milk
62,Bread
62,Cooking Oil
62,Milk
62,Rice
63,Detergent
63,Dish Soap
63,Fruits
63,Sugar
63,Tea
63,Vegetables
64,Biscuits
64,Cooking Oil
64,Rice
64,Snacks
64,Sugar
64,Tea
65,Cooking Oil
65,Rice
65,Spices
66,Bread
66,Fruits
66,Milk
66,Vegetables
67,Cooking Oil
67,Detergent
67,Dish Soap
67,Fruits
67,Rice
67,Toilet Cleaner
67,Vegetables
68,Biscuits
68,Bread
68,Dish Soap
68,Milk
68,Vegetables
69,Bread
69,Detergent
69,Dish Soap
69,Milk
70,Bread
70,Cooking Oil
70,Eggs
70,Rice
70,Shampoo
70,Toothpaste
71,Bread
71,Cooking Oil
71,Fruits
71,Milk
71,Rice
71,Toothpaste
71,Vegetables
72,Biscuits
72,Bread
72,Coffee
72,Eggs
72,Milk
72,Snacks
72,Sugar
73,Biscuits
73,Bread
73,Eggs
73,Milk
73,Shampoo
73,Snacks
73,Toothpaste
74,Bread
74,Coffee
74,Cooking Oil
74,Milk
74,Rice
74,Sugar
75,Cooking Oil
75,Milk
75,Rice
75,Sugar
75,Tea
76,Bread
76,Detergent
76,Dish Soap
76,Eggs
76,Milk
76,Shampoo
76,Toothpaste
77,Fruits
77,Shampoo
77,Toothpaste
77,Vegetables
78,Salt
78,Spices
78,Sugar
78,Tea
79,Bread
79,Cooking Oil
79,Milk
79,Rice
79,Shampoo
79,Spices
79,Toothpaste
80,Bread
80,Cooking Oil
80,Eggs
80,Rice
80,Spices
80,Sugar
80,Tea
81,Bread
81,Fruits
81,Milk
81,Shampoo
81,Toothpaste
81,Vegetables
82,Bread
82,Detergent
82,Dish Soap
82,Eggs
82,Sugar
82,Tea
83,Bread
83,Cooking Oil
83,Eggs
83,Rice
83,Spices
84,Biscuits
84,Bread
84,Fruits
84,Milk
84,Snacks
84,Vegetables
85,Milk
85,Shampoo
85,Snacks
85,Sugar
85,Tea
85,Toothpaste
85,Vegetables
86,Bread
86,Fruits
86,Milk
86,Sugar
86,Tea
86,Vegetables
87,Bread
87,Shampoo
88,Cooking Oil
88,Detergent
88,Dish Soap
88,Rice
88,Salt
89,Cooking Oil
89,Eggs
89,Milk
89,Rice
89,Sugar
89,Tea
90,Dish Soap
90,Eggs
90,Fruits
90,Milk
90,Snacks
90,Soap
91,Bread
91,Coffee
91,Floor Cleaner
91,Milk
91,Rice
91,Sugar
91,Toilet Cleaner
92,Bread
92,Cooking Oil
92,Milk
92,Rice
92,Spices
93,Bread
93,Detergent
93,Dish Soap
93,Milk
93,Sugar
94,Cooking Oil
94,Rice
94,Sugar
94,Tea
95,Cooking Oil
95,Rice
96,Bread
96,Eggs
96,Floor Cleaner
96,Milk
96,Shampoo
96,Toilet Cleaner
96,Toothpaste
97,Bread
97,Cooking Oil
97,Eggs
97,Floor Cleaner
97,Fruits
97,Spices
97,Toilet Cleaner
98,Coffee
98,Detergent
98,Dish Soap
98,Floor Cleaner
98,Sugar
98,Toilet Cleaner
99,Bread
99,Cooking Oil
99,Eggs
99,Fruits
99,Rice
99,Spices
99,Vegetables
100,Cooking Oil
100,Rice
100,Shampoo
100,Toothpaste
101,Biscuits
101,Bread
101,Cooking Oil
101,Eggs
101,Rice
101,Snacks
102,Bread
102,Eggs
102,Milk
102,Soap
102,Spices
103,Bread
103,Detergent
103,Dish Soap
103,Eggs
103,Milk
103,Sugar
103,Tea
104,Bread
104,Coffee
104,Eggs
104,Sugar
104,Tea
105,Biscuits
105,Bread
105,Fruits
105,Milk
105,Salt
106,Bread
106,Eggs
106,Milk
106,Sugar
106,Tea
107,Bread
107,Cooking Oil
107,Eggs
107,Milk
107,Rice
108,Biscuits
108,Fruits
108,Snacks
108,Sugar
108,Tea
108,Vegetables
109,Cooking Oil
109,Detergent
109,Dish Soap
109,Rice
110,Bread
110,Soap
111,Biscuits
111,Bread
111,Eggs
111,Milk
111,Snacks
112,Detergent
112,Dish Soap
112,Eggs
112,Floor Cleaner
112,Milk
112,Toilet Cleaner
113,Bread
113,Cooking Oil
113,Fruits
113,Milk
113,Vegetables
114,Detergent
114,Dish Soap
114,Shampoo
114,Toothpaste
115,Detergent
115,Dish Soap
115,Eggs
115,Milk
115,Rice
115,Shampoo
115,Toothpaste
116,Eggs
116,Milk
116,Shampoo
116,Toothpaste
117,Biscuits
117,Detergent
117,Dish Soap
117,Floor Cleaner
117,Toilet Cleaner
117,Vegetables
118,Biscuits
118,Detergent
118,Dish Soap
118,Eggs
118,Milk
118,Snacks
119,Cooking Oil
119,Detergent
119,Dish Soap
119,Rice
119,Soap
119,Toilet Cleaner
120,Cooking Oil
120,Detergent
120,Dish Soap
120,Rice
121,Shampoo
121,Toothpaste
122,Shampoo
122,Soap
122,Toothpaste
123,Bread
123,Detergent
123,Dish Soap
123,Milk
124,Bread
124,Cooking Oil
124,Floor Cleaner
124,Snacks
125,Coffee
125,Detergent
125,Dish Soap
125,Rice
125,Shampoo
125,Sugar
125,Toothpaste
126,Biscuits
126,Fruits
126,Shampoo
126,Snacks
126,Toothpaste
126,Vegetables
127,Eggs
127,Fruits
127,Milk
127,Vegetables
128,Cooking Oil
128,Rice
128,Shampoo
128,Spices
128,Toothpaste
129,Cooking Oil
129,Detergent
129,Dish Soap
129,Eggs
129,Milk
129,Rice
130,Detergent
130,Dish Soap
130,Fruits
130,Soap
130,Vegetables
131,Bread
131,Eggs
131,Fruits
131,Milk
131,Shampoo
131,Toothpaste
131,Vegetables
132,Bread
132,Detergent
132,Dish Soap
132,Milk
132,Rice
132,Snacks
132,Spices
133,Biscuits
133,Snacks
133,Soap
133,Sugar
133,Tea
134,Cooking Oil
134,Eggs
134,Milk
134,Rice
134,Sugar
134,Tea
134,Toilet Cleaner
135,Bread
135,Eggs
135,Floor Cleaner
135,Toilet Cleaner
136,Detergent
136,Eggs
136,Milk
136,Shampoo
136,Sugar
136,Tea
136,Toothpaste
137,Coffee
137,Detergent
137,Fruits
137,Sugar
137,Tea
137,Vegetables
138,Biscuits
138,Cooking Oil
138,Rice
138,Shampoo
138,Snacks
138,Toothpaste
139,Bread
139,Detergent
139,Dish Soap
139,Milk
139,Shampoo
139,Snacks
139,Toothpaste
140,Bread
140,Detergent
140,Dish Soap
140,Fruits
140,Milk
140,Vegetables
141,Shampoo
141,Toothpaste
141,Wheat
142,Cooking Oil
142,Detergent
142,Dish Soap
142,Fruits
142,Rice
142,Vegetables
143,Bread
143,Cooking Oil
143,Eggs
143,Milk
143,Rice
143,Sugar
143,Tea
144,Bread
144,Detergent
144,Dish Soap
144,Eggs
144,Sugar
144,Tea
145,Biscuits
145,Fruits
145,Snacks
145,Vegetables
146,Dish Soap
146,Eggs
146,Fruits
146,Milk
146,Shampoo
146,Tea
146,Toothpaste
147,Biscuits
147,Bread
147,Floor Cleaner
147,Milk
147,Snacks
147,Sugar
147,Toilet Cleaner
148,Bread
148,Coffee
148,Milk
148,Shampoo
148,Sugar
148,Toothpaste
149,Cooking Oil
149,Fruits
149,Rice
149,Spices
149,Sugar
149,Tea
149,Vegetables
150,Bread
150,Floor Cleaner
150,Milk
150,Toilet Cleaner
150,Toothpaste
150,Wheat
151,Biscuits
151,Bread
151,Detergent
151,Dish Soap
151,Eggs
151,Toothpaste
152,Bread
152,Detergent
152,Dish Soap
152,Eggs
152,Milk
153,Biscuits
153,Bread
153,Snacks
153,Wheat
154,Dish Soap
154,Floor Cleaner
154,Snacks
154,Sugar
154,Tea
155,Biscuits
155,Dish Soap
155,Eggs
155,Milk
155,Shampoo
155,Snacks
155,Toothpaste
156,Bread
156,Cooking Oil
156,Dish Soap
156,Milk
156,Shampoo
156,Spices
156,Toothpaste
157,Bread
157,Cooking Oil
157,Fruits
157,Rice
157,Sugar
157,Tea
157,Vegetables
158,Cooking Oil
158,Detergent
158,Salt
159,Detergent
159,Dish Soap
159,Fruits
159,Rice
159,Shampoo
159,Vegetables
160,Coffee
160,Cooking Oil
160,Rice
160,Spices
160,Sugar
161,Bread
161,Coffee
161,Eggs
161,Fruits
161,Milk
161,Vegetables
162,Coffee
162,Cooking Oil
162,Floor Cleaner
162,Rice
162,Soap
162,Toilet Cleaner
163,Dish Soap
163,Floor Cleaner
163,Shampoo
163,Sugar
163,Tea
163,Toilet Cleaner
163,Toothpaste
164,Detergent
164,Dish Soap
164,Eggs
164,Fruits
164,Spices
164,Tea
164,Vegetables
165,Cooking Oil
165,Rice
165,Shampoo
165,Toothpaste
166,Bread
166,Coffee
166,Milk
166,Sugar
166,Tea
167,Biscuits
167,Cooking Oil
167,Floor Cleaner
167,Rice
167,Snacks
167,Toilet Cleaner
168,Bread
168,Cooking Oil
168,Eggs
168,Milk
168,Rice
169,Coffee
169,Cooking Oil
169,Detergent
169,Dish Soap
169,Rice
169,Sugar
169,Tea
170,Bread
170,Coffee
170,Cooking Oil
170,Milk
170,Spices
170,Sugar
170,Tea
171,Floor Cleaner
171,Toilet Cleaner
172,Cooking Oil
172,Floor Cleaner
172,Fruits
172,Rice
172,Toilet Cleaner
172,Vegetables
173,Cooking Oil
173,Rice
173,Spices
174,Detergent
174,Dish Soap
174,Eggs
174,Sugar
174,Tea
175,Floor Cleaner
175,Rice
175,Shampoo
175,Toothpaste
176,Bread
176,Cooking Oil
176,Eggs
176,Salt
177,Eggs
177,Fruits
177,Milk
177,Shampoo
177,Toothpaste
177,Vegetables
178,Bread
178,Cooking Oil
178,Milk
178,Rice
178,Shampoo
178,Spices
178,Toothpaste
179,Bread
179,Coffee
179,Dish Soap
179,Shampoo
179,Sugar
179,Tea
179,Toothpaste
180,Biscuits
180,Bread
180,Cooking Oil
180,Detergent
180,Dish Soap
180,Milk
180,Rice
181,Cooking Oil
181,Detergent
181,Dish Soap
181,Rice
181,Spices
182,Coffee
182,Toothpaste
183,Bread
183,Cooking Oil
183,Detergent
183,Dish Soap
183,Milk
183,Rice
184,Cooking Oil
184,Detergent
184,Rice
184,Shampoo
184,Spices
184,Sugar
184,Toothpaste
185,Bread
185,Cooking Oil
185,Dish Soap
185,Eggs
185,Milk
185,Rice
185,Spices
186,Bread
186,Cooking Oil
186,Milk
186,Rice
186,Shampoo
186,Toothpaste
187,Cooking Oil
187,Detergent
187,Dish Soap
187,Rice
187,Spices
187,Wheat
188,Cooking Oil
188,Fruits
188,Rice
188,Spices
188,Sugar
188,Tea
188,Vegetables
189,Bread
189,Cooking Oil
189,Fruits
189,Milk
189,Rice
189,Spices
189,Vegetables
190,Cooking Oil
190,Eggs
190,Milk
190,Rice
190,Shampoo
190,Toothpaste
191,Eggs
191,Milk
191,Rice
192,Detergent
192,Dish Soap
192,Eggs
192,Milk
193,Bread
193,Cooking Oil
193,Detergent
193,Dish Soap
193,Milk
193,Rice
194,Bread
194,Cooking Oil
194,Eggs
194,Milk
194,Rice
194,Sugar
194,Tea
195,Bread
195,Eggs
195,Milk
195,Rice
195,Sugar
195,Tea
195,Toothpaste
196,Floor Cleaner
196,Shampoo
196,Toilet Cleaner
196,Toothpaste
197,Biscuits
197,Bread
197,Coffee
197,Milk
197,Snacks
197,Sugar
197,Tea
198,Bread
198,Floor Cleaner
198,Milk
198,Shampoo
198,Tea
198,Toilet Cleaner
198,Toothpaste
199,Bread
199,Cooking Oil
199,Detergent
199,Rice
199,Shampoo
199,Spices
199,Vegetables
200,Bread
200,Milk
200,Sugar
200,Tea
201,Coffee
201,Cooking Oil
201,Detergent
201,Dish Soap
201,Rice
201,Sugar
202,Cooking Oil
202,Eggs
202,Milk
202,Rice
202,Shampoo
202,Toothpaste
203,Bread
203,Detergent
203,Dish Soap
203,Milk
203,Toilet Cleaner
204,Bread
204,Cooking Oil
204,Eggs
204,Milk
204,Shampoo
204,Toothpaste
204,Vegetables
205,Coffee
205,Detergent
205,Dish Soap
205,Sugar
205,Tea
206,Bread
206,Detergent
206,Dish Soap
206,Floor Cleaner
206,Milk
206,Tea
206,Toilet Cleaner
207,Biscuits
207,Detergent
207,Dish Soap
207,Snacks
207,Sugar
207,Tea
207,Vegetables
208,Bread
208,Cooking Oil
208,Milk
208,Rice
208,Shampoo
208,Toothpaste
209,Coffee
209,Cooking Oil
209,Detergent
209,Dish Soap
209,Fruits
209,Rice
209,Sugar
210,Cooking Oil
210,Detergent
210,Dish Soap
210,Rice
210,Spices
211,Biscuits
211,Bread
211,Cooking Oil
211,Detergent
211,Dish Soap
211,Milk
211,Rice
212,Coffee
212,Detergent
212,Dish Soap
212,Sugar
212,Tea
212,Wheat
213,Bread
213,Coffee
213,Eggs
213,Milk
213,Sugar
213,Tea
214,Detergent
214,Dish Soap
214,Eggs
214,Sugar
214,Tea
215,Bread
215,Dish Soap
215,Eggs
215,Floor Cleaner
215,Milk
215,Rice
215,Toilet Cleaner
216,Bread
216,Eggs
216,Milk
216,Sugar
216,Tea
217,Biscuits
217,Cooking Oil
217,Rice
217,Snacks
217,Spices
218,Bread
218,Coffee
218,Milk
218,Rice
218,Shampoo
218,Sugar
218,Toothpaste
219,Detergent
219,Dish Soap
219,Rice
219,Sugar
219,Tea
219,Wheat
220,Bread
220,Coffee
220,Fruits
220,Milk
220,Sugar
220,Vegetables
221,Cooking Oil
221,Detergent
221,Dish Soap
221,Fruits
221,Rice
221,Tea
221,Vegetables
222,Bread
222,Cooking Oil
222,Milk
222,Rice
222,Sugar
222,Tea
223,Coffee
223,Cooking Oil
223,Rice
223,Sugar
224,Detergent
224,Dish Soap
224,Eggs
225,Bread
225,Coffee
225,Eggs
225,Sugar
225,Tea
226,Bread
226,Eggs
226,Milk
227,Biscuits
227,Cooking Oil
227,Detergent
227,Dish Soap
227,Rice
227,Snacks
227,Spices
228,Bread
228,Coffee
228,Milk
228,Sugar
228,Tea
229,Detergent
229,Dish Soap
229,Eggs
229,Sugar
229,Tea
230,Bread
230,Detergent
230,Dish Soap
230,Milk
230,Sugar
230,Tea
231,Coffee
231,Fruits
231,Rice
231,Snacks
231,Sugar
231,Tea
232,Cooking Oil
232,Detergent
232,Dish Soap
232,Rice
232,Sugar
232,Tea
232,Toothpaste
233,Bread
233,Cooking Oil
233,Milk
233,Rice
233,Shampoo
233,Spices
233,Toothpaste
234,Bread
234,Cooking Oil
234,Milk
234,Rice
234,Spices
235,Detergent
235,Dish Soap
235,Floor Cleaner
235,Fruits
235,Rice
235,Snacks
235,Toilet Cleaner
236,Bread
236,Detergent
236,Dish Soap
236,Eggs
236,Shampoo
236,Snacks
236,Toothpaste
237,Cooking Oil
237,Detergent
237,Dish Soap
237,Floor Cleaner
237,Rice
237,Spices
237,Toilet Cleaner
238,Bread
238,Cooking Oil
238,Eggs
238,Floor Cleaner
238,Milk
238,Rice
238,Toilet Cleaner
239,Bread
239,Coffee
239,Milk
239,Shampoo
239,Sugar
239,Toothpaste
240,Biscuits
240,Fruits
240,Milk
240,Shampoo
240,Wheat
241,Biscuits
241,Bread
241,Milk
241,Snacks
242,Cooking Oil
242,Rice
242,Sugar
242,Tea
243,Bread
243,Cooking Oil
243,Detergent
243,Dish Soap
243,Milk
243,Rice
243,Spices
244,Coffee
244,Cooking Oil
244,Eggs
244,Milk
244,Spices
244,Sugar
244,Tea
245,Coffee
245,Floor Cleaner
245,Sugar
245,Toilet Cleaner
246,Bread
246,Eggs
246,Floor Cleaner
246,Fruits
246,Toilet Cleaner
246,Vegetables
247,Cooking Oil
247,Rice
247,Toothpaste
248,Biscuits
248,Bread
248,Fruits
248,Milk
248,Snacks
248,Vegetables
249,Biscuits
249,Cooking Oil
249,Fruits
249,Snacks
249,Soap
249,Vegetables
250,Detergent
250,Dish Soap
250,Floor Cleaner
250,Shampoo
250,Toilet Cleaner
250,Toothpaste
251,Bread
251,Cooking Oil
251,Detergent
251,Rice
251,Soap
252,Bread
252,Detergent
252,Dish Soap
252,Fruits
252,Milk
252,Snacks
252,Spices
253,Biscuits
253,Bread
253,Detergent
253,Dish Soap
253,Milk
253,Snacks
254,Bread
254,Cooking Oil
254,Milk
255,Biscuits
255,Detergent
255,Eggs
255,Fruits
255,Tea
255,Toothpaste
255,Vegetables
256,Cooking Oil
256,Rice
256,Shampoo
256,Toothpaste
257,Bread
257,Cooking Oil
257,Dish Soap
257,Eggs
257,Milk
257,Sugar
257,Tea
258,Cooking Oil
258,Fruits
259,Bread
259,Milk
259,Rice
259,Shampoo
259,Sugar
259,Tea
259,Toothpaste
260,Bread
260,Cooking Oil
260,Eggs
260,Milk
260,Rice
260,Spices
260,Toothpaste
261,Coffee
261,Cooking Oil
261,Detergent
261,Dish Soap
261,Rice
261,Sugar
262,Rice
262,Sugar
262,Tea
262,Toilet Cleaner
263,Bread
263,Eggs
263,Milk
263,Shampoo
263,Sugar
263,Tea
263,Toothpaste
264,Bread
264,Cooking Oil
264,Milk
264,Rice
264,Spices
264,Sugar
264,Tea
265,Coffee
265,Detergent
265,Eggs
265,Milk
265,Shampoo
265,Sugar
265,Toothpaste
266,Eggs
266,Milk
266,Toilet Cleaner
266,Toothpaste
267,Bread
267,Cooking Oil
267,Eggs
267,Milk
267,Rice
267,Shampoo
267,Toothpaste
268,Cooking Oil
268,Detergent
268,Dish Soap
268,Fruits
268,Rice
268,Spices
268,Vegetables
269,Eggs
269,Floor Cleaner
269,Snacks
269,Sugar
269,Toothpaste
270,Cooking Oil
270,Detergent
270,Dish Soap
270,Eggs
270,Milk
270,Rice
271,Biscuits
271,Soap
272,Biscuits
272,Bread
272,Fruits
272,Milk
272,Snacks
272,Vegetables
273,Bread
273,Cooking Oil
273,Detergent
273,Dish Soap
273,Milk
273,Rice
273,Spices
274,Bread
274,Cooking Oil
274,Dish Soap
274,Eggs
274,Rice
274,Sugar
274,Vegetables
275,Floor Cleaner
275,Fruits
275,Sugar
275,Tea
275,Vegetables
276,Bread
276,Cooking Oil
276,Fruits
276,Milk
276,Rice
276,Vegetables
277,Biscuits
277,Cooking Oil
277,Eggs
277,Milk
277,Rice
277,Snacks
278,Cooking Oil
278,Vegetables
279,Shampoo
279,Sugar
279,Tea
279,Toothpaste
280,Biscuits
280,Cooking Oil
280,Floor Cleaner
280,Spices
280,Toilet Cleaner
280,Toothpaste
281,Coffee
281,Cooking Oil
281,Detergent
281,Dish Soap
281,Rice
281,Spices
281,Sugar
282,Biscuits
282,Fruits
282,Rice
282,Shampoo
282,Snacks
282,Spices
282,Vegetables
283,Coffee
283,Snacks
283,Sugar
284,Biscuits
284,Bread
284,Cooking Oil
284,Eggs
284,Milk
284,Rice
284,Snacks
285,Bread
285,Cooking Oil
285,Floor Cleaner
285,Milk
285,Soap
285,Toilet Cleaner
286,Bread
286,Cooking Oil
286,Eggs
286,Milk
286,Rice
287,Biscuits
287,Coffee
287,Cooking Oil
287,Rice
287,Sugar
287,Tea
288,Bread
288,Cooking Oil
288,Milk
288,Rice
288,Tea
289,Bread
289,Coffee
289,Cooking Oil
289,Fruits
289,Milk
289,Rice
289,Sugar
290,Cooking Oil
290,Rice
290,Shampoo
290,Toothpaste
291,Cooking Oil
291,Eggs
291,Milk
291,Rice
291,Spices
291,Sugar
291,Tea
292,Floor Cleaner
292,Fruits
292,Toilet Cleaner
292,Vegetables
293,Biscuits
293,Detergent
293,Dish Soap
293,Fruits
293,Snacks
293,Vegetables
294,Biscuits
294,Detergent
294,Fruits
294,Rice
294,Sugar
294,Toothpaste
294,Vegetables
295,Bread
295,Cooking Oil
295,Detergent
295,Milk
295,Vegetables
296,Biscuits
296,Detergent
296,Fruits
296,Vegetables
297,Bread
297,Coffee
297,Milk
297,Sugar
297,Tea
298,Bread
298,Detergent
298,Dish Soap
298,Eggs
298,Fruits
298,Snacks
298,Vegetables
299,Biscuits
299,Bread
299,Cooking Oil
299,Milk
299,Rice
299,Snacks
300,Biscuits
300,Bread
300,Dish Soap
300,Milk
301,Bread
301,Cooking Oil
301,Detergent
301,Dish Soap
301,Eggs
301,Milk
301,Rice
302,Cooking Oil
302,Fruits
302,Sugar
302,Tea
303,Biscuits
303,Detergent
303,Dish Soap
303,Snacks
304,Coffee
304,Cooking Oil
304,Rice
304,Shampoo
304,Spices
304,Toothpaste
304,Vegetables
305,Bread
305,Coffee
305,Eggs
305,Milk
305,Sugar
306,Bread
306,Cooking Oil
306,Milk
306,Rice
306,Shampoo
306,Spices
306,Toothpaste
307,Cooking Oil
307,Rice
307,Shampoo
307,Sugar
307,Tea
307,Toothpaste
308,Bread
308,Milk
308,Shampoo
308,Toothpaste
309,Bread
309,Cooking Oil
309,Detergent
309,Dish Soap
309,Milk
309,Rice
309,Spices
310,Bread
310,Detergent
310,Dish Soap
310,Eggs
310,Milk
310,Sugar
310,Tea
311,Biscuits
311,Detergent
311,Dish Soap
311,Eggs
311,Snacks
311,Sugar
311,Tea
312,Bread
312,Cooking Oil
312,Milk
312,Rice
312,Sugar
312,Tea
312,Vegetables
313,Biscuits
313,Cooking Oil
313,Rice
313,Shampoo
313,Snacks
313,Toothpaste
314,Bread
314,Detergent
314,Dish Soap
314,Floor Cleaner
314,Milk
314,Toilet Cleaner
315,Cooking Oil
315,Dish Soap
315,Floor Cleaner
315,Rice
315,Sugar
315,Tea
315,Toilet Cleaner
316,Coffee
316,Floor Cleaner
316,Toilet Cleaner
316,Vegetables
317,Bread
317,Cooking Oil
317,Milk
317,Rice
318,Biscuits
318,Bread
318,Cooking Oil
318,Milk
318,Rice
318,Snacks
319,Bread
319,Eggs
319,Milk
319,Shampoo
319,Toothpaste
320,Cooking Oil
320,Rice
320,Shampoo
320,Spices
320,Toothpaste
321,Bread
321,Cooking Oil
321,Milk
321,Rice
321,Shampoo
321,Toilet Cleaner
321,Toothpaste
322,Cooking Oil
322,Rice
322,Shampoo
322,Soap
322,Toothpaste
323,Bread
323,Floor Cleaner
323,Milk
323,Salt
323,Snacks
324,Biscuits
324,Cooking Oil
324,Detergent
324,Dish Soap
324,Rice
324,Snacks
325,Cooking Oil
325,Detergent
325,Dish Soap
325,Fruits
325,Rice
325,Sugar
325,Vegetables
326,Cooking Oil
326,Sugar
326,Tea
326,Wheat
327,Bread
327,Cooking Oil
327,Eggs
327,Floor Cleaner
327,Rice
327,Spices
327,Toilet Cleaner
328,Biscuits
328,Bread
328,Cooking Oil
328,Milk
328,Rice
328,Snacks
328,Tea
329,Detergent
329,Dish Soap
329,Shampoo
329,Sugar
329,Tea
329,Toothpaste
330,Bread
330,Cooking Oil
330,Milk
330,Rice
331,Biscuits
331,Cooking Oil
331,Rice
331,Snacks
331,Spices
332,Coffee
332,Cooking Oil
332,Fruits
332,Rice
332,Shampoo
332,Sugar
332,Vegetables
333,Coffee
333,Eggs
333,Fruits
333,Milk
333,Snacks
333,Sugar
333,Tea
334,Cooking Oil
334,Dish Soap
334,Floor Cleaner
334,Milk
334,Rice
334,Spices
334,Toilet Cleaner
335,Bread
335,Eggs
335,Milk
335,Shampoo
335,Wheat
336,Cooking Oil
336,Rice
336,Shampoo
336,Spices
337,Bread
337,Fruits
337,Milk
337,Sugar
337,Tea
337,Vegetables
338,Bread
338,Cooking Oil
338,Milk
338,Rice
338,Shampoo
338,Toothpaste
339,Bread
339,Coffee
339,Cooking Oil
339,Milk
339,Rice
339,Sugar
339,Toilet Cleaner
340,Cooking Oil
340,Dish Soap
340,Milk
340,Rice
340,Shampoo
340,Spices
340,Toothpaste
341,Biscuits
341,Bread
341,Eggs
341,Fruits
341,Snacks
341,Sugar
341,Vegetables
342,Bread
342,Dish Soap
342,Fruits
342,Milk
342,Vegetables
343,Detergent
343,Dish Soap
343,Eggs
343,Fruits
343,Milk
343,Sugar
343,Tea
344,Cooking Oil
344,Rice
345,Bread
345,Milk
345,Sugar
345,Tea
346,Bread
346,Detergent
346,Dish Soap
346,Eggs
346,Milk
347,Cooking Oil
347,Detergent
347,Dish Soap
347,Rice
347,Spices
348,Cooking Oil
348,Detergent
348,Dish Soap
348,Rice
349,Bread
349,Cooking Oil
349,Detergent
349,Dish Soap
349,Rice
349,Shampoo
349,Toothpaste
350,Bread
350,Coffee
350,Cooking Oil
350,Milk
350,Rice
350,Spices
350,Sugar
351,Cooking Oil
351,Fruits
351,Rice
351,Sugar
351,Tea
351,Vegetables
352,Bread
352,Cooking Oil
352,Dish Soap
352,Fruits
352,Rice
352,Snacks
352,Vegetables
353,Biscuits
353,Bread
353,Coffee
353,Detergent
353,Fruits
353,Milk
353,Spices
354,Bread
354,Detergent
354,Dish Soap
354,Fruits
354,Milk
354,Vegetables
355,Detergent
355,Dish Soap
355,Shampoo
355,Toothpaste
356,Bread
356,Cooking Oil
356,Milk
356,Rice
356,Spices
356,Sugar
356,Tea
357,Cooking Oil
357,Rice
358,Cooking Oil
358,Detergent
358,Dish Soap
358,Rice
358,Shampoo
358,Toothpaste
359,Biscuits
359,Cooking Oil
359,Fruits
359,Rice
359,Snacks
359,Spices
359,Vegetables
360,Bread
360,Cooking Oil
360,Detergent
360,Dish Soap
360,Milk
360,Rice
361,Biscuits
361,Coffee
361,Detergent
361,Dish Soap
361,Snacks
361,Sugar
362,Cooking Oil
362,Dish Soap
362,Eggs
362,Snacks
363,Coffee
363,Cooking Oil
363,Eggs
363,Milk
363,Rice
363,Sugar
363,Tea
364,Biscuits
364,Bread
364,Cooking Oil
364,Rice
364,Sugar
364,Tea
364,Toilet Cleaner
365,Biscuits
365,Cooking Oil
365,Eggs
365,Milk
365,Rice
365,Snacks
365,Sugar
366,Cooking Oil
366,Fruits
366,Rice
366,Spices
366,Vegetables
367,Cooking Oil
367,Detergent
367,Dish Soap
367,Rice
367,Shampoo
367,Toothpaste
368,Detergent
368,Dish Soap
368,Floor Cleaner
368,Sugar
368,Tea
368,Toilet Cleaner
369,Biscuits
369,Bread
369,Snacks
369,Wheat
370,Biscuits
370,Bread
370,Fruits
370,Milk
370,Snacks
370,Vegetables
371,Bread
371,Cooking Oil
371,Milk
371,Rice
371,Spices
372,Biscuits
372,Bread
372,Milk
372,Snacks
373,Coffee
373,Dish Soap
373,Fruits
373,Rice
373,Sugar
373,Tea
373,Vegetables
374,Bread
374,Milk
374,Sugar
374,Tea
375,Shampoo
375,Sugar
375,Tea
376,Bread
376,Detergent
376,Dish Soap
376,Fruits
376,Milk
376,Vegetables
377,Bread
377,Detergent
377,Dish Soap
377,Fruits
377,Milk
377,Vegetables
378,Bread
378,Milk
378,Sugar
378,Tea
379,Floor Cleaner
379,Sugar
379,Tea
379,Toilet Cleaner
380,Bread
380,Eggs
380,Fruits
380,Milk
380,Vegetables
381,Biscuits
381,Bread
381,Cooking Oil
381,Eggs
381,Milk
381,Rice
381,Snacks
382,Bread
382,Cooking Oil
382,Eggs
382,Fruits
382,Milk
382,Rice
382,Vegetables
383,Biscuits
383,Bread
383,Detergent
383,Dish Soap
383,Eggs
383,Snacks
383,Sugar
384,Bread
384,Coffee
384,Cooking Oil
384,Eggs
384,Rice
384,Sugar
385,Biscuits
385,Cooking Oil
385,Floor Cleaner
385,Rice
385,Snacks
385,Spices
385,Toilet Cleaner
386,Bread
386,Cooking Oil
386,Eggs
386,Milk
386,Rice
386,Spices
387,Bread
387,Milk
387,Shampoo
387,Sugar
387,Tea
387,Toothpaste
388,Bread
388,Milk
389,Bread
389,Detergent
389,Dish Soap
389,Milk
389,Sugar
389,Tea
389,Vegetables
390,Biscuits
390,Detergent
390,Dish Soap
390,Eggs
390,Shampoo
390,Snacks
390,Toothpaste
391,Biscuits
391,Bread
391,Cooking Oil
391,Detergent
391,Dish Soap
391,Rice
391,Snacks
392,Bread
392,Floor Cleaner
392,Milk
392,Sugar
392,Tea
392,Toilet Cleaner
393,Cooking Oil
393,Fruits
393,Rice
393,Spices
393,Sugar
393,Tea
393,Vegetables
394,Bread
394,Eggs
394,Floor Cleaner
394,Toilet Cleaner
395,Cooking Oil
395,Detergent
395,Eggs
395,Milk
395,Rice
395,Spices
395,Sugar
396,Bread
396,Eggs
396,Snacks
397,Bread
397,Cooking Oil
397,Milk
397,Rice
397,Sugar
397,Tea
398,Cooking Oil
398,Rice
398,Salt
399,Bread
399,Coffee
399,Detergent
399,Milk
399,Rice
399,Spices
399,Sugar
400,Biscuits
400,Detergent
400,Dish Soap
400,Fruits
400,Milk
400,Snacks
400,Toothpaste
401,Bread
401,Cooking Oil
401,Eggs
401,Milk
401,Rice
401,Shampoo
402,Cooking Oil
402,Detergent
402,Dish Soap
402,Fruits
402,Rice
402,Vegetables
403,Biscuits
403,Fruits
403,Snacks
403,Sugar
403,Tea
403,Vegetables
404,Bread
404,Detergent
404,Dish Soap
404,Floor Cleaner
404,Milk
404,Toilet Cleaner
404,Vegetables
405,Detergent
405,Dish Soap
405,Snacks
406,Detergent
406,Dish Soap
406,Fruits
406,Shampoo
406,Toothpaste
406,Vegetables
407,Bread
407,Fruits
407,Milk
407,Spices
407,Vegetables
408,Bread
408,Cooking Oil
408,Eggs
408,Milk
408,Rice
408,Shampoo
408,Toothpaste
409,Cooking Oil
409,Detergent
409,Dish Soap
409,Rice
409,Spices
410,Bread
410,Floor Cleaner
410,Milk
410,Shampoo
410,Sugar
410,Toilet Cleaner
410,Toothpaste
411,Cooking Oil
411,Milk
411,Rice
411,Spices
411,Sugar
411,Tea
411,Toilet Cleaner
412,Biscuits
412,Coffee
412,Cooking Oil
412,Rice
412,Snacks
412,Sugar
412,Tea
413,Detergent
413,Dish Soap
413,Milk
413,Rice
413,Spices
413,Sugar
413,Tea
414,Coffee
414,Cooking Oil
414,Detergent
414,Dish Soap
414,Rice
414,Spices
415,Biscuits
415,Rice
415,Snacks
416,Coffee
416,Fruits
416,Vegetables
417,Bread
417,Detergent
417,Dish Soap
417,Milk
417,Shampoo
417,Toilet Cleaner
417,Vegetables
418,Coffee
418,Shampoo
418,Sugar
418,Toothpaste
419,Bread
419,Detergent
419,Dish Soap
419,Milk
419,Rice
419,Tea
420,Bread
420,Shampoo
420,Soap
420,Toothpaste
421,Bread
421,Cooking Oil
421,Dish Soap
421,Milk
421,Shampoo
421,Spices
421,Toothpaste
422,Bread
422,Coffee
422,Eggs
422,Sugar
423,Bread
423,Detergent
423,Dish Soap
423,Milk
423,Spices
424,Biscuits
424,Floor Cleaner
424,Shampoo
424,Snacks
424,Tea
424,Toilet Cleaner
424,Toothpaste
425,Bread
425,Cooking Oil
425,Eggs
425,Milk
425,Rice
425,Sugar
425,Tea
426,Bread
426,Eggs
426,Fruits
426,Vegetables
427,Cooking Oil
427,Eggs
427,Milk
427,Rice
428,Coffee
428,Detergent
428,Dish Soap
428,Fruits
428,Sugar
428,Vegetables
429,Bread
429,Cooking Oil
429,Detergent
429,Dish Soap
429,Milk
429,Rice
430,Biscuits
430,Eggs
430,Fruits
430,Milk
430,Rice
430,Snacks
430,Vegetables
431,Biscuits
431,Cooking Oil
431,Detergent
431,Dish Soap
431,Snacks
431,Tea
432,Bread
432,Fruits
432,Milk
432,Tea
432,Vegetables
433,Bread
433,Eggs
433,Milk
434,Fruits
434,Soap
434,Spices
434,Sugar
434,Tea
434,Wheat
435,Biscuits
435,Snacks
435,Vegetables
436,Bread
436,Cooking Oil
436,Detergent
436,Dish Soap
436,Milk
436,Rice
437,Bread
437,Fruits
437,Milk
437,Rice
437,Sugar
437,Tea
437,Vegetables
438,Bread
438,Cooking Oil
438,Fruits
438,Milk
438,Rice
438,Vegetables
439,Bread
439,Milk
439,Shampoo
439,Sugar
439,Tea
439,Toothpaste
440,Bread
440,Coffee
440,Detergent
440,Dish Soap
440,Eggs
440,Sugar
441,Bread
441,Coffee
441,Cooking Oil
441,Milk
441,Rice
441,Shampoo
442,Bread
442,Detergent
442,Dish Soap
442,Milk
442,Sugar
442,Tea
443,Bread
443,Eggs
443,Floor Cleaner
443,Toilet Cleaner
444,Biscuits
444,Shampoo
444,Snacks
444,Sugar
444,Tea
444,Toothpaste
445,Bread
445,Coffee
445,Cooking Oil
445,Milk
445,Rice
445,Sugar
446,Rice
446,Shampoo
446,Toothpaste
447,Shampoo
447,Toothpaste
448,Cooking Oil
448,Eggs
448,Fruits
448,Milk
448,Rice
448,Vegetables
449,Bread
449,Coffee
449,Milk
449,Vegetables
450,Biscuits
450,Cooking Oil
450,Fruits
450,Rice
450,Spices
450,Vegetables
451,Biscuits
451,Bread
451,Detergent
451,Dish Soap
451,Eggs
451,Milk
451,Snacks
452,Biscuits
452,Snacks
452,Sugar
452,Tea
453,Cooking Oil
453,Rice
453,Salt
453,Soap
454,Eggs
454,Floor Cleaner
454,Fruits
454,Milk
454,Toilet Cleaner
454,Vegetables
455,Bread
455,Detergent
455,Dish Soap
455,Milk
456,Bread
456,Floor Cleaner
456,Milk
456,Toilet Cleaner
457,Bread
457,Detergent
457,Dish Soap
457,Eggs
457,Milk
458,Bread
458,Coffee
458,Detergent
458,Dish Soap
458,Milk
458,Sugar
459,Bread
459,Coffee
459,Cooking Oil
459,Fruits
459,Milk
459,Rice
459,Vegetables
460,Cooking Oil
460,Floor Cleaner
460,Rice
460,Toilet Cleaner
461,Coffee
461,Floor Cleaner
461,Fruits
461,Snacks
461,Toilet Cleaner
462,Detergent
462,Eggs
462,Floor Cleaner
462,Fruits
462,Milk
462,Toilet Cleaner
462,Vegetables
463,Coffee
463,Detergent
463,Dish Soap
463,Sugar
463,Wheat
464,Biscuits
464,Bread
464,Milk
464,Snacks
464,Sugar
464,Tea
465,Bread
465,Cooking Oil
465,Eggs
465,Milk
465,Rice
465,Spices
466,Bread
466,Coffee
466,Dish Soap
466,Milk
466,Shampoo
466,Sugar
466,Tea
467,Bread
467,Cooking Oil
467,Detergent
467,Dish Soap
467,Milk
467,Rice
467,Spices
468,Biscuits
468,Cooking Oil
468,Rice
468,Snacks
468,Toothpaste
469,Detergent
469,Dish Soap
469,Shampoo
469,Sugar
469,Tea
469,Toothpaste
470,Bread
470,Detergent
470,Dish Soap
470,Milk
470,Shampoo
470,Snacks
471,Bread
471,Milk
472,Cooking Oil
472,Eggs
472,Floor Cleaner
472,Milk
472,Rice
472,Spices
472,Vegetables
473,Cooking Oil
473,Detergent
473,Dish Soap
473,Fruits
473,Rice
473,Sugar
473,Tea
474,Cooking Oil
474,Rice
474,Shampoo
474,Sugar
474,Tea
474,Toothpaste
475,Detergent
475,Dish Soap
475,Fruits
475,Shampoo
475,Toothpaste
475,Vegetables
476,Eggs
476,Fruits
476,Milk
476,Shampoo
476,Toothpaste
476,Vegetables
477,Dish Soap
477,Fruits
477,Vegetables
478,Bread
478,Cooking Oil
478,Detergent
478,Dish Soap
478,Milk
478,Salt
479,Cooking Oil
479,Eggs
479,Milk
479,Sugar
479,Tea
480,Bread
480,Milk
480,Sugar
480,Tea
481,Bread
481,Coffee
481,Cooking Oil
481,Milk
481,Rice
481,Sugar
481,Tea
482,Coffee
482,Cooking Oil
482,Detergent
482,Dish Soap
482,Rice
482,Spices
483,Bread
483,Milk
483,Sugar
483,Tea
484,Dish Soap
484,Milk
484,Rice
484,Shampoo
484,Sugar
484,Tea
484,Toothpaste
485,Cooking Oil
485,Eggs
485,Milk
485,Rice
485,Spices
485,Sugar
485,Tea
486,Biscuits
486,Cooking Oil
486,Detergent
486,Eggs
486,Rice
486,Sugar
486,Tea
487,Cooking Oil
487,Eggs
487,Fruits
487,Rice
487,Shampoo
487,Soap
488,Cooking Oil
488,Floor Cleaner
488,Rice
488,Spices
488,Toilet Cleaner
489,Coffee
489,Floor Cleaner
489,Soap
489,Sugar
489,Tea
489,Wheat
490,Biscuits
490,Bread
490,Eggs
490,Snacks
490,Sugar
490,Tea
491,Biscuits
491,Bread
491,Cooking Oil
491,Floor Cleaner
491,Rice
491,Toilet Cleaner
491,Vegetables
492,Bread
492,Detergent
492,Dish Soap
492,Milk
492,Shampoo
492,Toothpaste
493,Biscuits
493,Bread
493,Cooking Oil
493,Milk
493,Snacks
493,Sugar
493,Tea
494,Detergent
494,Dish Soap
494,Sugar
494,Tea
495,Bread
495,Cooking Oil
495,Detergent
495,Dish Soap
495,Milk
495,Rice
496,Bread
496,Coffee
496,Detergent
496,Dish Soap
496,Eggs
496,Sugar
496,Tea
497,Eggs
497,Rice
497,Sugar
497,Tea
498,Eggs
498,Milk
499,Cooking Oil
499,Rice
499,Spices
500,Coffee
500,Cooking Oil
500,Detergent
500,Dish Soap
500,Rice
500,Spices
500,Sugar
501,Bread
501,Eggs
501,Fruits
501,Shampoo
501,Toothpaste
501,Vegetables
502,Detergent
502,Dish Soap
502,Shampoo
502,Sugar
502,Tea
502,Toothpaste
503,Biscuits
503,Bread
503,Detergent
503,Dish Soap
503,Milk
503,Snacks
504,Detergent
504,Dish Soap
504,Fruits
504,Vegetables
505,Biscuits
505,Bread
505,Detergent
505,Dish Soap
505,Fruits
505,Snacks
505,Vegetables
506,Bread
506,Cooking Oil
506,Milk
506,Rice
507,Biscuits
507,Coffee
507,Shampoo
507,Snacks
507,Sugar
507,Toothpaste
508,Coffee
508,Cooking Oil
508,Detergent
508,Dish Soap
508,Rice
508,Sugar
509,Bread
509,Milk
509,Rice
509,Shampoo
509,Sugar
509,Tea
509,Toothpaste
510,Bread
510,Eggs
510,Fruits
510,Milk
510,Vegetables
511,Cooking Oil
511,Eggs
511,Fruits
511,Milk
511,Rice
511,Spices
511,Vegetables
512,Cooking Oil
512,Detergent
512,Dish Soap
512,Rice
512,Vegetables
513,Bread
513,Coffee
513,Detergent
513,Dish Soap
513,Fruits
513,Sugar
513,Vegetables
514,Cooking Oil
514,Floor Cleaner
514,Fruits
514,Rice
514,Spices
514,Sugar
514,Toilet Cleaner
515,Bread
515,Coffee
515,Floor Cleaner
515,Milk
515,Sugar
515,Toilet Cleaner
516,Biscuits
516,Detergent
516,Dish Soap
516,Milk
516,Snacks
516,Sugar
516,Tea
517,Cooking Oil
517,Fruits
517,Rice
517,Toothpaste
517,Vegetables
518,Detergent
518,Dish Soap
518,Fruits
518,Vegetables
519,Cooking Oil
519,Rice
519,Salt
519,Spices
519,Toothpaste
520,Bread
520,Cooking Oil
520,Eggs
520,Fruits
520,Milk
520,Rice
520,Vegetables
521,Detergent
521,Dish Soap
521,Sugar
521,Tea
522,Bread
522,Milk
522,Shampoo
522,Toothpaste
523,Eggs
523,Floor Cleaner
523,Rice
523,Spices
523,Toilet Cleaner
524,Detergent
524,Dish Soap
524,Eggs
524,Floor Cleaner
524,Rice
524,Wheat
525,Bread
525,Milk
526,Bread
526,Cooking Oil
526,Fruits
526,Milk
526,Rice
526,Spices
526,Vegetables
527,Detergent
527,Dish Soap
527,Fruits
527,Milk
527,Shampoo
527,Toothpaste
527,Vegetables
528,Cooking Oil
528,Detergent
528,Dish Soap
528,Rice
528,Shampoo
528,Spices
528,Toothpaste
529,Bread
529,Detergent
529,Dish Soap
529,Eggs
529,Milk
530,Milk
530,Snacks
530,Tea
530,Toothpaste
531,Biscuits
531,Bread
531,Floor Cleaner
531,Fruits
531,Milk
531,Snacks
531,Toilet Cleaner
532,Bread
532,Cooking Oil
532,Eggs
532,Milk
532,Rice
532,Shampoo
532,Toothpaste
533,Bread
533,Cooking Oil
533,Fruits
533,Milk
533,Rice
533,Toothpaste
533,Vegetables
534,Cooking Oil
534,Dish Soap
534,Floor Cleaner
534,Fruits
534,Rice
534,Snacks
534,Vegetables
535,Bread
535,Cooking Oil
535,Floor Cleaner
535,Fruits
535,Milk
535,Rice
535,Toilet Cleaner
536,Bread
536,Cooking Oil
536,Milk
536,Rice
536,Spices
536,Sugar
537,Bread
537,Eggs
537,Milk
537,Sugar
537,Tea
538,Biscuits
538,Bread
538,Eggs
538,Fruits
538,Milk
538,Snacks
538,Sugar
539,Fruits
539,Vegetables
540,Cooking Oil
540,Rice
540,Spices
540,Sugar
540,Tea
541,Cooking Oil
541,Rice
541,Snacks
541,Spices
541,Tea
541,Toothpaste
541,Vegetables
542,Cooking Oil
542,Detergent
542,Dish Soap
542,Floor Cleaner
542,Milk
542,Rice
542,Toilet Cleaner
543,Cooking Oil
543,Fruits
543,Rice
543,Shampoo
543,Vegetables
544,Bread
544,Cooking Oil
544,Detergent
544,Dish Soap
544,Milk
544,Rice
544,Sugar
545,Bread
545,Detergent
545,Dish Soap
545,Eggs
545,Milk
545,Sugar
545,Tea
546,Biscuits
546,Detergent
546,Dish Soap
546,Eggs
546,Snacks
547,Detergent
547,Dish Soap
547,Floor Cleaner
547,Milk
547,Rice
547,Spices
547,Toilet Cleaner
548,Bread
548,Coffee
548,Cooking Oil
548,Milk
548,Rice
548,Spices
548,Sugar
549,Biscuits
549,Bread
549,Cooking Oil
549,Eggs
549,Fruits
549,Milk
549,Snacks
550,Bread
550,Cooking Oil
550,Fruits
550,Milk
550,Rice
550,Vegetables
551,Bread
551,Detergent
551,Dish Soap
551,Eggs
551,Floor Cleaner
551,Milk
551,Toilet Cleaner
552,Bread
552,Cooking Oil
552,Milk
552,Rice
553,Bread
553,Detergent
553,Dish Soap
553,Eggs
553,Floor Cleaner
553,Toilet Cleaner
554,Bread
554,Milk
555,Bread
555,Cooking Oil
555,Detergent
555,Dish Soap
555,Snacks
556,Bread
556,Coffee
556,Shampoo
556,Sugar
556,Toothpaste
557,Coffee
557,Cooking Oil
557,Rice
557,Shampoo
557,Sugar
557,Toothpaste
558,Bread
558,Coffee
558,Detergent
558,Dish Soap
558,Milk
558,Rice
558,Spices
559,Bread
559,Cooking Oil
559,Eggs
559,Milk
559,Rice
559,Sugar
559,Tea
560,Biscuits
560,Bread
560,Coffee
560,Milk
560,Snacks
560,Sugar
561,Bread
561,Coffee
561,Cooking Oil
561,Salt
561,Soap
561,Sugar
562,Bread
562,Detergent
562,Fruits
562,Milk
562,Sugar
562,Tea
562,Vegetables
563,Bread
563,Eggs
563,Floor Cleaner
563,Salt
563,Wheat
564,Biscuits
564,Cooking Oil
564,Rice
564,Snacks
564,Spices
564,Sugar
564,Tea
565,Biscuits
565,Bread
565,Milk
565,Shampoo
565,Snacks
565,Sugar
565,Toothpaste
566,Bread
566,Cooking Oil
566,Fruits
566,Milk
566,Rice
566,Spices
566,Vegetables
567,Bread
567,Coffee
567,Cooking Oil
567,Milk
567,Rice
567,Spices
567,Sugar
568,Shampoo
568,Sugar
568,Tea
568,Toothpaste
569,Bread
569,Cooking Oil
569,Milk
569,Rice
569,Spices
570,Biscuits
570,Bread
570,Dish Soap
570,Milk
570,Shampoo
570,Tea
570,Toothpaste
571,Bread
571,Eggs
571,Milk
571,Shampoo
571,Tea
571,Toothpaste
572,Cooking Oil
572,Eggs
572,Rice
572,Shampoo
572,Spices
572,Tea
572,Toothpaste
573,Bread
573,Detergent
573,Dish Soap
573,Fruits
573,Milk
573,Vegetables
574,Coffee
574,Detergent
574,Dish Soap
574,Fruits
574,Snacks
574,Sugar
574,Vegetables
575,Bread
575,Cooking Oil
575,Milk
575,Rice
575,Shampoo
575,Spices
575,Toothpaste
576,Cooking Oil
576,Floor Cleaner
576,Rice
576,Spices
576,Toothpaste
577,Detergent
577,Dish Soap
577,Milk
577,Rice
577,Spices
577,Sugar
577,Tea
578,Biscuits
578,Bread
578,Detergent
578,Floor Cleaner
578,Milk
578,Snacks
578,Toilet Cleaner
579,Dish Soap
579,Rice
579,Tea
579,Toilet Cleaner
579,Vegetables
580,Coffee
580,Eggs
580,Milk
580,Soap
580,Spices
580,Sugar
581,Bread
581,Cooking Oil
581,Detergent
581,Dish Soap
581,Eggs
581,Milk
581,Rice
582,Bread
582,Coffee
582,Cooking Oil
582,Milk
582,Rice
582,Sugar
583,Bread
583,Cooking Oil
583,Fruits
583,Milk
583,Rice
583,Sugar
583,Vegetables
584,Bread
584,Cooking Oil
584,Detergent
584,Dish Soap
584,Milk
584,Rice
585,Bread
585,Detergent
585,Dish Soap
585,Floor Cleaner
585,Milk
585,Toilet Cleaner
586,Biscuits
586,Floor Cleaner
586,Fruits
586,Snacks
586,Toilet Cleaner
586,Vegetables
587,Bread
587,Eggs
587,Floor Cleaner
587,Rice
587,Tea
587,Toilet Cleaner
587,Vegetables
588,Bread
588,Cooking Oil
588,Rice
589,Bread
589,Eggs
589,Milk
589,Shampoo
589,Sugar
589,Tea
589,Toothpaste
590,Biscuits
590,Cooking Oil
590,Detergent
590,Dish Soap
590,Eggs
590,Snacks
590,Spices
591,Bread
591,Cooking Oil
591,Detergent
591,Dish Soap
591,Milk
591,Rice
591,Spices
592,Coffee
592,Cooking Oil
592,Detergent
592,Dish Soap
592,Rice
592,Spices
592,Sugar
593,Bread
593,Eggs
593,Fruits
593,Sugar
593,Tea
593,Vegetables
594,Detergent
594,Dish Soap
594,Sugar
594,Tea
595,Cooking Oil
595,Detergent
595,Dish Soap
595,Milk
595,Rice
595,Sugar
595,Tea
596,Bread
596,Cooking Oil
596,Fruits
596,Milk
596,Rice
596,Spices
596,Vegetables
597,Cooking Oil
597,Detergent
597,Dish Soap
597,Fruits
597,Rice
597,Vegetables
598,Bread
598,Cooking Oil
598,Fruits
598,Milk
598,Rice
598,Spices
598,Vegetables
599,Bread
599,Coffee
599,Milk
599,Shampoo
599,Tea
599,Toothpaste
600,Bread
600,Coffee
600,Milk
600,Sugar
601,Bread
601,Cooking Oil
601,Detergent
601,Dish Soap
601,Shampoo
601,Toothpaste
601,Vegetables
602,Biscuits
602,Bread
602,Eggs
602,Milk
602,Snacks
602,Sugar
602,Tea
603,Biscuits
603,Cooking Oil
603,Rice
603,Shampoo
603,Snacks
603,Toothpaste
603,Vegetables
604,Bread
604,Cooking Oil
604,Milk
604,Rice
605,Bread
605,Eggs
605,Milk
605,Sugar
605,Tea
606,Cooking Oil
606,Detergent
606,Dish Soap
606,Rice
607,Bread
607,Detergent
607,Dish Soap
607,Fruits
607,Milk
607,Vegetables
608,Bread
608,Milk
608,Shampoo
608,Toilet Cleaner
608,Toothpaste
609,Bread
609,Coffee
609,Eggs
609,Sugar
609,Tea
610,Coffee
610,Cooking Oil
610,Fruits
610,Rice
610,Vegetables
611,Bread
611,Cooking Oil
611,Detergent
611,Milk
611,Rice
611,Toilet Cleaner
611,Vegetables
612,Bread
612,Eggs
612,Milk
612,Shampoo
612,Toothpaste
613,Bread
613,Cooking Oil
613,Eggs
613,Milk
613,Rice
613,Shampoo
613,Toothpaste
614,Cooking Oil
614,Milk
614,Rice
614,Sugar
614,Tea
614,Vegetables
615,Detergent
615,Dish Soap
615,Floor Cleaner
615,Fruits
615,Toilet Cleaner
615,Vegetables
616,Bread
616,Cooking Oil
616,Fruits
616,Milk
616,Rice
616,Vegetables
617,Bread
617,Cooking Oil
617,Detergent
617,Dish Soap
617,Milk
617,Rice
617,Spices
618,Bread
618,Detergent
618,Dish Soap
618,Eggs
618,Sugar
618,Tea
619,Coffee
619,Detergent
619,Dish Soap
619,Eggs
619,Milk
619,Sugar
619,Toothpaste
620,Biscuits
620,Bread
620,Detergent
620,Dish Soap
620,Eggs
620,Snacks
621,Detergent
621,Dish Soap
621,Fruits
621,Milk
621,Shampoo
621,Toothpaste
621,Vegetables
622,Dish Soap
622,Milk
622,Salt
622,Snacks
622,Spices
622,Vegetables
623,Fruits
623,Sugar
623,Tea
623,Vegetables
624,Biscuits
624,Detergent
624,Dish Soap
624,Fruits
624,Snacks
624,Vegetables
625,Cooking Oil
625,Fruits
625,Rice
625,Vegetables
626,Bread
626,Coffee
626,Detergent
626,Dish Soap
626,Eggs
626,Milk
626,Sugar
627,Bread
627,Cooking Oil
627,Eggs
627,Milk
627,Rice
627,Snacks
627,Spices
628,Eggs
628,Rice
628,Salt
628,Shampoo
628,Snacks
628,Vegetables
629,Bread
629,Detergent
629,Dish Soap
629,Tea
629,Toilet Cleaner
629,Wheat
630,Cooking Oil
630,Rice
631,Coffee
631,Dish Soap
631,Fruits
631,Sugar
631,Toilet Cleaner
631,Vegetables
632,Bread
632,Dish Soap
632,Floor Cleaner
632,Milk
632,Toilet Cleaner
632,Toothpaste
633,Biscuits
633,Bread
633,Shampoo
633,Snacks
633,Spices
634,Bread
634,Dish Soap
634,Fruits
634,Milk
634,Rice
634,Spices
634,Vegetables
635,Detergent
635,Dish Soap
636,Biscuits
636,Detergent
636,Dish Soap
636,Fruits
636,Toilet Cleaner
636,Vegetables
637,Bread
637,Cooking Oil
637,Rice
637,Shampoo
637,Snacks
637,Spices
637,Toothpaste
638,Coffee
638,Detergent
638,Milk
638,Sugar
638,Tea
638,Toothpaste
638,Vegetables
639,Coffee
639,Eggs
639,Floor Cleaner
639,Milk
639,Sugar
639,Tea
639,Toilet Cleaner
640,Cooking Oil
640,Fruits
640,Rice
640,Sugar
640,Toilet Cleaner
640,Vegetables
641,Biscuits
641,Floor Cleaner
641,Snacks
641,Sugar
641,Tea
641,Toilet Cleaner
642,Biscuits
642,Detergent
642,Dish Soap
643,Bread
643,Cooking Oil
643,Milk
643,Rice
643,Vegetables
644,Coffee
644,Floor Cleaner
644,Fruits
644,Sugar
644,Toilet Cleaner
644,Vegetables
645,Bread
645,Fruits
645,Milk
645,Shampoo
645,Toothpaste
645,Vegetables
646,Bread
646,Cooking Oil
646,Detergent
646,Dish Soap
646,Milk
646,Rice
646,Spices
647,Bread
647,Milk
648,Cooking Oil
648,Detergent
648,Dish Soap
648,Fruits
648,Rice
648,Spices
648,Vegetables
649,Coffee
649,Fruits
649,Shampoo
649,Sugar
649,Toothpaste
649,Vegetables
650,Bread
650,Detergent
650,Dish Soap
650,Eggs
650,Milk
650,Rice
651,Bread
651,Milk
651,Sugar
651,Tea
652,Cooking Oil
652,Rice
652,Shampoo
652,Spices
652,Toothpaste
653,Biscuits
653,Cooking Oil
653,Eggs
653,Milk
653,Rice
654,Biscuits
654,Bread
654,Detergent
654,Dish Soap
654,Milk
654,Rice
654,Snacks
655,Biscuits
655,Detergent
655,Dish Soap
655,Floor Cleaner
655,Snacks
655,Toilet Cleaner
656,Bread
656,Cooking Oil
656,Dish Soap
656,Floor Cleaner
656,Milk
656,Rice
656,Toilet Cleaner
657,Cooking Oil
657,Detergent
657,Dish Soap
657,Rice
657,Shampoo
657,Toothpaste
658,Bread
658,Cooking Oil
658,Rice
659,Cooking Oil
659,Detergent
659,Dish Soap
659,Eggs
659,Milk
659,Rice
659,Vegetables
660,Bread
660,Cooking Oil
660,Eggs
660,Fruits
660,Rice
660,Vegetables
661,Bread
661,Detergent
661,Dish Soap
661,Eggs
661,Milk
661,Sugar
661,Tea
662,Cooking Oil
662,Milk
662,Rice
662,Snacks
662,Spices
662,Sugar
662,Tea
663,Bread
663,Eggs
663,Floor Cleaner
663,Toilet Cleaner
664,Bread
664,Detergent
664,Dish Soap
664,Floor Cleaner
664,Fruits
664,Milk
664,Toilet Cleaner
665,Bread
665,Floor Cleaner
665,Milk
665,Sugar
665,Tea
666,Cooking Oil
666,Milk
666,Sugar
666,Tea
667,Coffee
667,Cooking Oil
667,Dish Soap
667,Eggs
667,Rice
667,Sugar
667,Vegetables
668,Cooking Oil
668,Detergent
668,Dish Soap
668,Eggs
668,Milk
668,Rice
668,Toilet Cleaner
669,Biscuits
669,Cooking Oil
669,Detergent
669,Dish Soap
669,Rice
669,Snacks
670,Coffee
670,Sugar
670,Vegetables
671,Fruits
671,Shampoo
671,Sugar
671,Tea
671,Vegetables
671,Wheat
672,Bread
672,Cooking Oil
672,Fruits
672,Milk
672,Rice
672,Vegetables
673,Bread
673,Cooking Oil
673,Rice
673,Spices
673,Sugar
673,Tea
674,Bread
674,Detergent
674,Dish Soap
674,Eggs
674,Milk
674,Shampoo
674,Toothpaste
675,Fruits
675,Soap
675,Vegetables
676,Cooking Oil
676,Eggs
676,Floor Cleaner
676,Rice
676,Toilet Cleaner
677,Bread
677,Coffee
677,Cooking Oil
677,Milk
677,Rice
677,Sugar
678,Bread
678,Coffee
678,Detergent
678,Dish Soap
678,Milk
678,Sugar
679,Biscuits
679,Eggs
679,Shampoo
679,Snacks
679,Soap
679,Toothpaste
680,Detergent
680,Dish Soap
680,Shampoo
680,Toothpaste
681,Floor Cleaner
681,Shampoo
681,Toilet Cleaner
681,Toothpaste
682,Detergent
682,Dish Soap
682,Milk
682,Shampoo
682,Tea
682,Toothpaste
682,Vegetables
683,Cooking Oil
683,Detergent
683,Fruits
683,Rice
683,Spices
683,Sugar
683,Toilet Cleaner
684,Detergent
684,Dish Soap
684,Floor Cleaner
684,Fruits
684,Shampoo
684,Toothpaste
684,Vegetables
685,Bread
685,Detergent
685,Dish Soap
685,Milk
685,Sugar
685,Tea
686,Bread
686,Coffee
686,Cooking Oil
686,Eggs
686,Rice
686,Sugar
686,Tea
687,Bread
687,Detergent
687,Dish Soap
687,Floor Cleaner
687,Milk
687,Toilet Cleaner
688,Bread
688,Eggs
688,Floor Cleaner
688,Fruits
688,Milk
688,Toilet Cleaner
688,Vegetables
689,Detergent
689,Dish Soap
689,Floor Cleaner
689,Spices
689,Tea
689,Toilet Cleaner
690,Bread
690,Cooking Oil
690,Fruits
690,Milk
690,Rice
690,Spices
690,Vegetables
691,Cooking Oil
691,Detergent
691,Dish Soap
691,Eggs
691,Milk
691,Snacks
691,Spices
692,Biscuits
692,Cooking Oil
692,Rice
692,Snacks
692,Sugar
692,Tea
693,Cooking Oil
693,Detergent
693,Dish Soap
693,Fruits
693,Rice
693,Sugar
693,Vegetables
694,Biscuits
694,Detergent
694,Dish Soap
694,Eggs
694,Milk
694,Snacks
695,Bread
695,Cooking Oil
695,Milk
695,Rice
695,Spices
695,Tea
696,Coffee
696,Dish Soap
696,Floor Cleaner
696,Shampoo
696,Sugar
696,Tea
697,Cooking Oil
697,Detergent
697,Floor Cleaner
697,Salt
697,Vegetables
697,Wheat
698,Biscuits
698,Bread
698,Detergent
698,Dish Soap
698,Milk
698,Snacks
699,Detergent
699,Dish Soap
699,Floor Cleaner
699,Sugar
699,Tea
699,Toilet Cleaner
700,Bread
700,Coffee
700,Cooking Oil
700,Milk
700,Rice
700,Wheat
701,Cooking Oil
701,Fruits
701,Rice
701,Snacks
701,Sugar
701,Tea
701,Vegetables
702,Biscuits
702,Bread
702,Cooking Oil
702,Detergent
702,Dish Soap
702,Rice
702,Snacks
703,Coffee
703,Detergent
703,Dish Soap
703,Shampoo
703,Sugar
703,Toothpaste
704,Biscuits
704,Coffee
704,Salt
704,Shampoo
704,Soap
704,Sugar
705,Bread
705,Cooking Oil
705,Milk
705,Rice
705,Spices
706,Bread
706,Detergent
706,Dish Soap
706,Eggs
706,Milk
706,Sugar
706,Tea
707,Coffee
707,Detergent
707,Dish Soap
707,Sugar
708,Coffee
708,Cooking Oil
708,Eggs
708,Milk
708,Rice
708,Sugar
708,Tea
709,Cooking Oil
709,Rice
709,Spices
710,Eggs
710,Floor Cleaner
710,Milk
710,Rice
710,Soap
710,Toilet Cleaner
711,Coffee
711,Floor Cleaner
711,Fruits
711,Soap
711,Sugar
711,Vegetables
712,Cooking Oil
712,Detergent
712,Dish Soap
712,Fruits
712,Rice
712,Spices
712,Vegetables
713,Bread
713,Cooking Oil
713,Detergent
713,Dish Soap
713,Floor Cleaner
713,Rice
713,Toilet Cleaner
714,Eggs
714,Milk
714,Shampoo
715,Bread
715,Eggs
715,Floor Cleaner
715,Milk
715,Toilet Cleaner
716,Biscuits
716,Bread
716,Coffee
716,Cooking Oil
716,Eggs
716,Rice
716,Sugar
717,Coffee
717,Cooking Oil
717,Floor Cleaner
717,Rice
717,Sugar
717,Toilet Cleaner
717,Toothpaste
718,Bread
718,Detergent
718,Dish Soap
718,Fruits
718,Milk
719,Biscuits
719,Bread
719,Cooking Oil
719,Milk
719,Rice
719,Snacks
719,Spices
720,Cooking Oil
720,Floor Cleaner
720,Rice
720,Spices
720,Toilet Cleaner
721,Bread
721,Detergent
721,Dish Soap
721,Eggs
722,Cooking Oil
722,Floor Cleaner
722,Milk
722,Rice
722,Sugar
722,Tea
722,Toilet Cleaner
723,Cooking Oil
723,Rice
723,Spices
723,Sugar
723,Tea
724,Bread
724,Cooking Oil
724,Eggs
724,Rice
724,Spices
724,Tea
724,Vegetables
725,Bread
725,Coffee
725,Cooking Oil
725,Milk
725,Rice
725,Spices
725,Sugar
726,Cooking Oil
726,Detergent
726,Dish Soap
726,Rice
727,Cooking Oil
727,Fruits
727,Rice
727,Spices
727,Vegetables
728,Cooking Oil
728,Detergent
728,Dish Soap
728,Fruits
728,Rice
728,Sugar
728,Tea
729,Bread
729,Cooking Oil
729,Milk
729,Rice
729,Sugar
729,Tea
730,Biscuits
730,Floor Cleaner
730,Fruits
730,Snacks
730,Toilet Cleaner
730,Vegetables
731,Cooking Oil
731,Eggs
731,Milk
731,Rice
731,Shampoo
731,Spices
731,Toothpaste
732,Bread
732,Detergent
732,Dish Soap
732,Fruits
732,Milk
732,Vegetables
733,Floor Cleaner
733,Sugar
733,Tea
733,Toilet Cleaner
734,Bread
734,Detergent
734,Dish Soap
734,Eggs
734,Floor Cleaner
734,Sugar
734,Toilet Cleaner
735,Coffee
735,Sugar
735,Tea
736,Bread
736,Milk
737,Bread
737,Cooking Oil
737,Dish Soap
737,Eggs
737,Fruits
737,Rice
737,Spices
738,Biscuits
738,Detergent
738,Dish Soap
738,Snacks
738,Sugar
738,Tea
739,Sugar
739,Tea
739,Vegetables
740,Biscuits
740,Fruits
740,Rice
740,Shampoo
740,Snacks
740,Toothpaste
740,Vegetables
741,Cooking Oil
741,Eggs
741,Fruits
741,Milk
741,Rice
742,Biscuits
742,Bread
742,Detergent
742,Dish Soap
742,Eggs
742,Rice
742,Snacks
743,Bread
743,Coffee
743,Cooking Oil
743,Milk
743,Rice
743,Spices
743,Sugar
744,Bread
744,Cooking Oil
744,Fruits
744,Rice
744,Spices
744,Tea
744,Vegetables
745,Cooking Oil
745,Detergent
745,Dish Soap
745,Rice
745,Spices
745,Sugar
745,Tea
746,Biscuits
746,Eggs
746,Floor Cleaner
746,Sugar
747,Bread
747,Cooking Oil
747,Detergent
747,Dish Soap
747,Milk
747,Spices
747,Tea
748,Biscuits
748,Detergent
748,Dish Soap
749,Bread
749,Milk
750,Biscuits
750,Bread
750,Eggs
750,Shampoo
750,Snacks
750,Toothpaste
751,Biscuits
751,Bread
751,Detergent
751,Dish Soap
751,Floor Cleaner
751,Rice
752,Biscuits
752,Bread
752,Coffee
752,Eggs
752,Milk
752,Snacks
752,Sugar
753,Bread
753,Cooking Oil
753,Detergent
753,Dish Soap
753,Milk
753,Spices
753,Vegetables
754,Bread
754,Floor Cleaner
754,Fruits
754,Milk
754,Toilet Cleaner
754,Vegetables
755,Bread
755,Floor Cleaner
755,Milk
755,Toilet Cleaner
756,Coffee
756,Fruits
756,Sugar
756,Vegetables
757,Biscuits
757,Bread
757,Cooking Oil
757,Eggs
757,Milk
757,Rice
757,Snacks
758,Bread
758,Detergent
758,Dish Soap
758,Fruits
758,Milk
758,Toothpaste
758,Vegetables
759,Biscuits
759,Detergent
759,Floor Cleaner
759,Shampoo
759,Snacks
759,Toilet Cleaner
759,Toothpaste
760,Cooking Oil
760,Eggs
760,Floor Cleaner
760,Milk
760,Rice
760,Spices
760,Toilet Cleaner
761,Detergent
761,Floor Cleaner
761,Fruits
761,Milk
761,Shampoo
761,Toilet Cleaner
761,Toothpaste
762,Biscuits
762,Detergent
762,Dish Soap
762,Snacks
762,Sugar
762,Tea
763,Detergent
763,Dish Soap
763,Eggs
763,Milk
763,Sugar
763,Tea
764,Fruits
764,Sugar
764,Tea
764,Vegetables
765,Bread
765,Detergent
765,Dish Soap
765,Fruits
765,Milk
765,Tea
765,Vegetables
766,Shampoo
766,Tea
766,Toothpaste
767,Eggs
767,Fruits
767,Milk
767,Shampoo
767,Toothpaste
767,Vegetables
768,Bread
768,Cooking Oil
768,Detergent
768,Dish Soap
768,Fruits
768,Rice
768,Vegetables
769,Bread
769,Cooking Oil
769,Detergent
769,Dish Soap
769,Milk
769,Rice
769,Spices
770,Bread
770,Fruits
770,Milk
770,Vegetables
771,Cooking Oil
771,Dish Soap
771,Fruits
771,Rice
771,Tea
772,Bread
772,Cooking Oil
772,Milk
772,Rice
772,Spices
772,Sugar
772,Tea
773,Bread
773,Detergent
773,Dish Soap
773,Milk
774,Biscuits
774,Detergent
774,Dish Soap
774,Snacks
774,Sugar
774,Tea
774,Toilet Cleaner
775,Dish Soap
775,Floor Cleaner
775,Fruits
775,Shampoo
775,Toilet Cleaner
775,Toothpaste
776,Eggs
776,Fruits
776,Milk
776,Vegetables
777,Bread
777,Detergent
777,Dish Soap
777,Eggs
777,Milk
777,Wheat
778,Cooking Oil
778,Detergent
778,Dish Soap
778,Eggs
778,Milk
778,Rice
778,Sugar
779,Detergent
779,Dish Soap
779,Shampoo
779,Toothpaste
780,Detergent
780,Dish Soap
781,Bread
781,Coffee
781,Cooking Oil
781,Milk
781,Rice
781,Tea
782,Bread
782,Detergent
782,Dish Soap
782,Eggs
782,Fruits
782,Milk
782,Vegetables
783,Biscuits
783,Bread
783,Coffee
783,Detergent
783,Dish Soap
783,Milk
783,Sugar
784,Biscuits
784,Detergent
784,Dish Soap
784,Rice
784,Snacks
784,Sugar
784,Tea
785,Coffee
785,Eggs
785,Milk
785,Sugar
786,Bread
786,Floor Cleaner
786,Milk
786,Toilet Cleaner
787,Cooking Oil
787,Detergent
787,Dish Soap
787,Rice
787,Spices
788,Bread
788,Cooking Oil
788,Eggs
788,Fruits
788,Milk
788,Rice
788,Vegetables
789,Cooking Oil
789,Eggs
789,Rice
789,Salt
789,Spices
790,Biscuits
790,Coffee
790,Cooking Oil
790,Rice
790,Shampoo
790,Snacks
790,Toothpaste
791,Bread
791,Floor Cleaner
791,Milk
791,Shampoo
791,Sugar
791,Tea
791,Toothpaste
792,Biscuits
792,Cooking Oil
792,Detergent
792,Dish Soap
792,Rice
792,Shampoo
792,Toothpaste
793,Cooking Oil
793,Fruits
793,Rice
793,Vegetables
794,Detergent
794,Dish Soap
795,Bread
795,Milk
795,Shampoo
795,Toothpaste
796,Biscuits
796,Fruits
796,Snacks
796,Tea
796,Vegetables
797,Coffee
797,Cooking Oil
797,Detergent
797,Rice
797,Sugar
798,Cooking Oil
798,Eggs
798,Milk
798,Rice
798,Sugar
798,Tea
799,Biscuits
799,Detergent
799,Dish Soap
799,Floor Cleaner
799,Snacks
799,Tea
799,Toilet Cleaner
800,Bread
800,Detergent
800,Dish Soap
800,Floor Cleaner
800,Milk
800,Sugar
800,Toilet Cleaner
801,Dish Soap
801,Milk
801,Sugar
801,Tea
802,Cooking Oil
802,Detergent
802,Dish Soap
802,Fruits
802,Rice
803,Bread
803,Eggs
803,Milk
803,Rice
803,Sugar
803,Tea
804,Bread
804,Cooking Oil
804,Eggs
804,Milk
804,Rice
804,Spices
805,Cooking Oil
805,Detergent
805,Dish Soap
805,Rice
805,Shampoo
805,Toothpaste
806,Biscuits
806,Bread
806,Detergent
806,Dish Soap
806,Eggs
806,Milk
806,Snacks
807,Coffee
807,Cooking Oil
807,Eggs
807,Milk
807,Rice
807,Sugar
808,Floor Cleaner
808,Shampoo
808,Toilet Cleaner
808,Toothpaste
809,Bread
809,Detergent
809,Dish Soap
809,Eggs
809,Milk
809,Sugar
809,Tea
810,Detergent
810,Dish Soap
810,Shampoo
810,Toothpaste
811,Eggs
811,Fruits
811,Milk
811,Shampoo
811,Toothpaste
811,Vegetables
812,Cooking Oil
812,Detergent
812,Dish Soap
812,Rice
812,Spices
813,Coffee
813,Detergent
813,Dish Soap
813,Eggs
813,Floor Cleaner
813,Sugar
813,Toilet Cleaner
814,Detergent
814,Dish Soap
814,Fruits
814,Vegetables
815,Cooking Oil
815,Rice
816,Cooking Oil
816,Floor Cleaner
816,Fruits
816,Rice
816,Toilet Cleaner
816,Vegetables
817,Bread
817,Detergent
817,Dish Soap
817,Milk
817,Sugar
817,Tea
818,Cooking Oil
818,Detergent
818,Dish Soap
818,Eggs
818,Milk
818,Rice
819,Bread
819,Eggs
819,Fruits
819,Milk
819,Shampoo
819,Toothpaste
819,Vegetables
820,Biscuits
820,Bread
820,Coffee
820,Cooking Oil
820,Eggs
820,Rice
820,Snacks
821,Detergent
821,Dish Soap
821,Shampoo
821,Toothpaste
821,Wheat
822,Biscuits
822,Detergent
822,Dish Soap
822,Floor Cleaner
822,Snacks
822,Toilet Cleaner
823,Bread
823,Cooking Oil
823,Milk
823,Rice
823,Spices
824,Bread
824,Dish Soap
824,Eggs
824,Milk
824,Rice
824,Spices
824,Sugar
825,Coffee
825,Cooking Oil
825,Rice
825,Shampoo
825,Spices
825,Sugar
825,Toothpaste
826,Bread
826,Detergent
826,Fruits
826,Milk
826,Salt
826,Spices
827,Biscuits
827,Cooking Oil
827,Eggs
827,Milk
827,Rice
827,Snacks
828,Bread
828,Milk
829,Bread
829,Coffee
829,Fruits
829,Shampoo
829,Sugar
829,Toothpaste
829,Vegetables
830,Detergent
830,Dish Soap
830,Floor Cleaner
830,Milk
830,Sugar
830,Tea
830,Toilet Cleaner
831,Bread
831,Cooking Oil
831,Detergent
831,Eggs
831,Rice
831,Spices
832,Eggs
832,Milk
832,Sugar
832,Tea
833,Bread
833,Detergent
833,Dish Soap
833,Floor Cleaner
833,Milk
833,Toilet Cleaner
834,Rice
834,Sugar
834,Tea
835,Bread
835,Cooking Oil
835,Dish Soap
835,Eggs
835,Rice
835,Sugar
835,Tea
836,Bread
836,Cooking Oil
836,Milk
836,Rice
837,Bread
837,Eggs
837,Rice
838,Bread
838,Cooking Oil
838,Eggs
838,Floor Cleaner
838,Rice
838,Toilet Cleaner
839,Biscuits
839,Bread
839,Eggs
839,Rice
839,Shampoo
839,Spices
839,Vegetables
840,Bread
840,Cooking Oil
840,Detergent
840,Dish Soap
840,Milk
840,Rice
841,Bread
841,Detergent
841,Eggs
841,Rice
841,Shampoo
841,Spices
841,Toothpaste
842,Bread
842,Milk
842,Salt
842,Snacks
842,Toilet Cleaner
843,Bread
843,Detergent
843,Dish Soap
843,Eggs
843,Milk
843,Shampoo
843,Toothpaste
844,Bread
844,Cooking Oil
844,Fruits
844,Milk
844,Rice
844,Vegetables
845,Bread
845,Milk
846,Cooking Oil
846,Eggs
846,Floor Cleaner
846,Milk
846,Rice
846,Toilet Cleaner
847,Bread
847,Fruits
847,Milk
847,Vegetables
848,Biscuits
848,Bread
848,Cooking Oil
848,Eggs
848,Rice
848,Shampoo
848,Snacks
849,Bread
849,Cooking Oil
849,Dish Soap
849,Milk
849,Rice
850,Coffee
850,Cooking Oil
850,Detergent
850,Dish Soap
850,Shampoo
850,Toilet Cleaner
850,Toothpaste
851,Eggs
851,Fruits
851,Milk
851,Vegetables
852,Cooking Oil
852,Fruits
852,Rice
852,Shampoo
852,Sugar
852,Toothpaste
852,Vegetables
853,Detergent
853,Dish Soap
853,Fruits
853,Shampoo
853,Sugar
853,Toothpaste
853,Vegetables
854,Biscuits
854,Cooking Oil
854,Rice
854,Snacks
855,Bread
855,Cooking Oil
855,Dish Soap
855,Milk
855,Rice
855,Shampoo
855,Sugar
856,Eggs
856,Shampoo
856,Spices
856,Toilet Cleaner
856,Toothpaste
857,Detergent
857,Dish Soap
857,Floor Cleaner
857,Milk
857,Shampoo
857,Toilet Cleaner
857,Toothpaste
858,Floor Cleaner
858,Snacks
858,Tea
859,Detergent
859,Dish Soap
859,Salt
859,Tea
859,Toilet Cleaner
859,Wheat
860,Detergent
860,Dish Soap
860,Floor Cleaner
860,Shampoo
860,Toothpaste
861,Detergent
861,Dish Soap
862,Bread
862,Eggs
862,Fruits
862,Milk
862,Rice
862,Spices
862,Vegetables
863,Bread
863,Coffee
863,Cooking Oil
863,Eggs
863,Milk
863,Rice
863,Sugar
864,Floor Cleaner
864,Milk
864,Salt
864,Spices
864,Sugar
864,Toilet Cleaner
865,Biscuits
865,Bread
865,Cooking Oil
865,Milk
865,Rice
865,Snacks
866,Detergent
866,Dish Soap
866,Floor Cleaner
866,Toilet Cleaner
867,Biscuits
867,Bread
867,Detergent
867,Fruits
867,Milk
867,Snacks
867,Vegetables
868,Bread
868,Detergent
868,Dish Soap
868,Eggs
869,Detergent
869,Dish Soap
869,Fruits
869,Vegetables
870,Biscuits
870,Dish Soap
870,Eggs
870,Milk
870,Shampoo
870,Snacks
870,Toothpaste
871,Floor Cleaner
871,Rice
871,Shampoo
871,Spices
871,Toilet Cleaner
871,Toothpaste
871,Vegetables
872,Coffee
872,Cooking Oil
872,Detergent
872,Dish Soap
872,Milk
872,Shampoo
872,Toothpaste
873,Bread
873,Cooking Oil
873,Detergent
873,Dish Soap
873,Milk
873,Sugar
873,Tea
874,Bread
874,Coffee
874,Detergent
874,Dish Soap
874,Fruits
874,Milk
874,Sugar
875,Biscuits
875,Dish Soap
875,Eggs
875,Milk
875,Snacks
876,Bread
876,Detergent
876,Dish Soap
877,Bread
877,Detergent
877,Dish Soap
877,Fruits
877,Milk
877,Rice
877,Vegetables
878,Cooking Oil
878,Dish Soap
878,Rice
878,Shampoo
878,Toothpaste
878,Vegetables
879,Bread
879,Coffee
879,Eggs
879,Milk
879,Sugar
880,Coffee
880,Floor Cleaner
880,Rice
880,Salt
880,Toothpaste
880,Vegetables
881,Cooking Oil
881,Eggs
881,Fruits
881,Milk
881,Rice
881,Spices
881,Vegetables
882,Detergent
882,Dish Soap
882,Toilet Cleaner
882,Vegetables
883,Bread
883,Detergent
883,Dish Soap
883,Milk
883,Shampoo
883,Toothpaste
884,Bread
884,Cooking Oil
884,Milk
884,Rice
884,Salt
885,Bread
885,Coffee
885,Detergent
885,Dish Soap
885,Milk
885,Shampoo
885,Sugar
886,Bread
886,Cooking Oil
886,Eggs
886,Fruits
886,Snacks
886,Tea
886,Vegetables
887,Bread
887,Coffee
887,Milk
887,Sugar
888,Cooking Oil
888,Detergent
888,Dish Soap
888,Fruits
888,Rice
888,Vegetables
889,Cooking Oil
889,Floor Cleaner
889,Rice
889,Spices
889,Toilet Cleaner
890,Coffee
890,Cooking Oil
890,Fruits
890,Milk
890,Rice
890,Sugar
890,Vegetables
891,Bread
891,Cooking Oil
891,Detergent
891,Dish Soap
891,Milk
891,Rice
891,Snacks
892,Bread
892,Detergent
892,Dish Soap
892,Eggs
892,Fruits
892,Milk
892,Vegetables
893,Biscuits
893,Floor Cleaner
893,Snacks
893,Toilet Cleaner
894,Coffee
894,Detergent
894,Dish Soap
894,Fruits
894,Sugar
894,Vegetables
895,Detergent
895,Dish Soap
895,Shampoo
895,Sugar
895,Tea
895,Toothpaste
896,Cooking Oil
896,Rice
896,Shampoo
896,Sugar
896,Tea
896,Toothpaste
897,Biscuits
897,Bread
897,Eggs
897,Milk
897,Snacks
897,Sugar
897,Tea
898,Detergent
898,Dish Soap
898,Fruits
898,Vegetables
899,Detergent
899,Dish Soap
899,Sugar
899,Tea
900,Biscuits
900,Bread
900,Milk
900,Snacks
900,Toilet Cleaner
